DATE,DEXCHUS
1/2/09,6.8225
1/5/09,6.83
1/6/09,6.836
1/7/09,6.833
1/8/09,6.8342
1/9/09,6.835
1/12/09,6.8362
1/13/09,6.8341
1/14/09,6.8347
1/15/09,6.8363
1/16/09,6.8369
1/20/09,6.8403
1/21/09,6.8392
1/22/09,6.837
1/23/09,6.8392
1/26/09,6.8392
1/27/09,6.8392
1/28/09,6.8392
1/29/09,6.8392
1/30/09,6.8392
2/2/09,6.847
2/3/09,6.8399
2/4/09,6.8335
2/5/09,6.8355
2/6/09,6.8338
2/9/09,6.8392
2/10/09,6.8241
2/11/09,6.8332
2/12/09,6.8345
2/13/09,6.8392
2/17/09,6.8355
2/18/09,6.8378
2/19/09,6.8348
2/20/09,6.8367
2/23/09,6.8355
2/24/09,6.8368
2/25/09,6.8369
2/26/09,6.8361
2/27/09,6.8395
3/2/09,6.8438
3/3/09,6.8413
3/4/09,6.8432
3/5/09,6.8406
3/6/09,6.8395
3/9/09,6.8398
3/10/09,6.841
3/11/09,6.8399
3/12/09,6.8383
3/13/09,6.838
3/16/09,6.8381
3/17/09,6.8369
3/18/09,6.8347
3/19/09,6.824
3/20/09,6.8277
3/23/09,6.8335
3/24/09,6.8294
3/25/09,6.8304
3/26/09,6.832
3/27/09,6.831
3/30/09,6.836
3/31/09,6.8329
4/1/09,6.8339
4/2/09,6.834
4/3/09,6.8343
4/6/09,6.8343
4/7/09,6.8361
4/8/09,6.835
4/9/09,6.834
4/13/09,6.8347
4/14/09,6.832
4/15/09,6.8321
4/16/09,6.8316
4/17/09,6.8325
4/20/09,6.8331
4/21/09,6.8254
4/22/09,6.8296
4/23/09,6.8265
4/24/09,6.825
4/27/09,6.827
4/28/09,6.8266
4/29/09,6.8243
4/30/09,6.818
5/1/09,6.818
5/4/09,6.8223
5/5/09,6.8185
5/6/09,6.8176
5/7/09,6.8215
5/8/09,6.82
5/11/09,6.823
5/12/09,6.821
5/13/09,6.822
5/14/09,6.8248
5/15/09,6.8225
5/18/09,6.8265
5/19/09,6.8245
5/20/09,6.8248
5/21/09,6.8245
5/22/09,6.8227
5/26/09,6.8326
5/27/09,6.8272
5/28/09,6.8278
5/29/09,6.8278
6/1/09,6.8264
6/2/09,6.8305
6/3/09,6.829
6/4/09,6.8331
6/5/09,6.8329
6/8/09,6.8371
6/9/09,6.8353
6/10/09,6.833
6/11/09,6.8358
6/12/09,6.8352
6/15/09,6.8361
6/16/09,6.8338
6/17/09,6.8364
6/18/09,6.8344
6/19/09,6.836
6/22/09,6.834
6/23/09,6.8346
6/24/09,6.8307
6/25/09,6.8344
6/26/09,6.833
6/29/09,6.8334
6/30/09,6.8302
7/1/09,6.8331
7/2/09,6.8312
7/6/09,6.8342
7/7/09,6.8326
7/8/09,6.8323
7/9/09,6.8317
7/10/09,6.8325
7/13/09,6.8326
7/14/09,6.833
7/15/09,6.8315
7/16/09,6.831
7/17/09,6.8309
7/20/09,6.8303
7/21/09,6.83
7/22/09,6.8305
7/23/09,6.8308
7/24/09,6.8313
7/27/09,6.8312
7/28/09,6.8308
7/29/09,6.8314
7/30/09,6.8321
7/31/09,6.8319
8/3/09,6.8308
8/4/09,6.8302
8/5/09,6.8307
8/6/09,6.8312
8/7/09,6.8316
8/10/09,6.8341
8/11/09,6.8349
8/12/09,6.8349
8/13/09,6.8336
8/14/09,6.8341
8/17/09,6.8358
8/18/09,6.8337
8/19/09,6.834
8/20/09,6.8317
8/21/09,6.8313
8/24/09,6.8308
8/25/09,6.8318
8/26/09,6.8309
8/27/09,6.8316
8/28/09,6.83
8/31/09,6.8299
9/1/09,6.8295
9/2/09,6.8303
9/3/09,6.8298
9/4/09,6.8293
9/8/09,6.827
9/9/09,6.8286
9/10/09,6.8291
9/11/09,6.828
9/14/09,6.8282
9/15/09,6.8289
9/16/09,6.8247
9/17/09,6.8262
9/18/09,6.827
9/21/09,6.8287
9/22/09,6.8268
9/23/09,6.8254
9/24/09,6.8263
9/25/09,6.8273
9/28/09,6.8265
9/29/09,6.8273
9/30/09,6.8262
10/1/09,6.826
10/2/09,6.826
10/5/09,6.826
10/6/09,6.826
10/7/09,6.826
10/8/09,6.826
10/9/09,6.8248
10/12/09,.
10/13/09,6.8264
10/14/09,6.8261
10/15/09,6.827
10/16/09,6.8266
10/19/09,6.8266
10/20/09,6.8254
10/21/09,6.8272
10/22/09,6.8287
10/23/09,6.828
10/26/09,6.8278
10/27/09,6.8292
10/28/09,6.827
10/29/09,6.8269
10/30/09,6.8264
11/2/09,6.8268
11/3/09,6.8278
11/4/09,6.8265
11/5/09,6.8269
11/6/09,6.8266
11/9/09,6.8261
11/10/09,6.8255
11/11/09,.
11/12/09,6.8267
11/13/09,6.826
11/16/09,6.8263
11/17/09,6.826
11/18/09,6.8269
11/19/09,6.8283
11/20/09,6.8277
11/23/09,6.83
11/24/09,6.8292
11/25/09,6.8272
11/27/09,6.8272
11/30/09,6.8265
12/1/09,6.827
12/2/09,6.826
12/3/09,6.8269
12/4/09,6.8261
12/7/09,6.8288
12/8/09,6.8275
12/9/09,6.8275
12/10/09,6.8264
12/11/09,6.8269
12/14/09,6.8281
12/15/09,6.827
12/16/09,6.8279
12/17/09,6.8286
12/18/09,6.828
12/21/09,6.8284
12/22/09,6.8285
12/23/09,6.8282
12/24/09,6.8271
12/28/09,6.8299
12/29/09,6.8289
12/30/09,6.8244
12/31/09,6.8259
1/4/10,6.8273
1/5/10,6.8258
1/6/10,6.8272
1/7/10,6.828
1/8/10,6.8274
1/11/10,6.8263
1/12/10,6.8267
1/13/10,6.8295
1/14/10,6.8265
1/15/10,6.8269
1/19/10,6.8268
1/20/10,6.8258
1/21/10,6.8268
1/22/10,6.827
1/25/10,6.8268
1/26/10,6.8263
1/27/10,6.8268
1/28/10,6.8267
1/29/10,6.8268
2/1/10,6.826
2/2/10,6.827
2/3/10,6.826
2/4/10,6.828
2/5/10,6.8275
2/8/10,6.8265
2/9/10,6.8267
2/10/10,6.828
2/11/10,6.8328
2/12/10,6.8326
2/16/10,6.8326
2/17/10,6.8326
2/18/10,6.833
2/19/10,6.829
2/22/10,6.8264
2/23/10,6.8267
2/24/10,6.8269
2/25/10,6.8267
2/26/10,6.8258
3/1/10,6.8263
3/2/10,6.8265
3/3/10,6.8258
3/4/10,6.8258
3/5/10,6.826
3/8/10,6.8261
3/9/10,6.8263
3/10/10,6.8259
3/11/10,6.8266
3/12/10,6.8254
3/15/10,6.8259
3/16/10,6.8257
3/17/10,6.8259
3/18/10,6.8261
3/19/10,6.8265
3/22/10,6.8266
3/23/10,6.8263
3/24/10,6.8266
3/25/10,6.827
3/26/10,6.8269
3/29/10,6.8264
3/30/10,6.8258
3/31/10,6.8258
4/1/10,6.8263
4/5/10,6.8256
4/6/10,6.825
4/7/10,6.8254
4/8/10,6.824
4/9/10,6.8229
4/12/10,6.8252
4/13/10,6.8255
4/14/10,6.8258
4/15/10,6.826
4/16/10,6.8253
4/19/10,6.8262
4/20/10,6.8253
4/21/10,6.8275
4/22/10,6.8263
4/23/10,6.827
4/26/10,6.8266
4/27/10,6.8256
4/28/10,6.8245
4/29/10,6.8259
4/30/10,6.8247
5/3/10,6.8245
5/4/10,6.826
5/5/10,6.8263
5/6/10,6.8265
5/7/10,6.8254
5/10/10,6.8263
5/11/10,6.8285
5/12/10,6.827
5/13/10,6.8278
5/14/10,6.8263
5/17/10,6.8274
5/18/10,6.8273
5/19/10,6.8269
5/20/10,6.8277
5/21/10,6.8262
5/24/10,6.8286
5/25/10,6.831
5/26/10,6.8292
5/27/10,6.8296
5/28/10,6.8305
6/1/10,6.8275
6/2/10,6.8296
6/3/10,6.8283
6/4/10,6.8268
6/7/10,6.8322
6/8/10,6.8294
6/9/10,6.8285
6/10/10,6.8305
6/11/10,6.832
6/14/10,6.8323
6/15/10,6.8323
6/16/10,6.8323
6/17/10,6.829
6/18/10,6.8267
6/21/10,6.7968
6/22/10,6.8127
6/23/10,6.8124
6/24/10,6.8001
6/25/10,6.7911
6/28/10,6.796
6/29/10,6.7977
6/30/10,6.7815
7/1/10,6.7807
7/2/10,6.7709
7/6/10,6.7801
7/7/10,6.777
7/8/10,6.7763
7/9/10,6.772
7/12/10,6.7709
7/13/10,6.772
7/14/10,6.7714
7/15/10,6.7774
7/16/10,6.775
7/19/10,6.778
7/20/10,6.7781
7/21/10,6.7769
7/22/10,6.7795
7/23/10,6.7803
7/26/10,6.7788
7/27/10,6.7781
7/28/10,6.778
7/29/10,6.776
7/30/10,6.7735
8/2/10,6.774
8/3/10,6.7728
8/4/10,6.772
8/5/10,6.7705
8/6/10,6.768
8/9/10,6.767
8/10/10,6.772
8/11/10,6.7745
8/12/10,6.7843
8/13/10,6.7957
8/16/10,6.8038
8/17/10,6.792
8/18/10,6.7911
8/19/10,6.7897
8/20/10,6.79
8/23/10,6.7995
8/24/10,6.7966
8/25/10,6.7995
8/26/10,6.7998
8/27/10,6.7977
8/30/10,6.8029
8/31/10,6.8069
9/1/10,6.8102
9/2/10,6.807
9/3/10,6.8014
9/7/10,6.7906
9/8/10,6.794
9/9/10,6.782
9/10/10,6.769
9/13/10,6.7595
9/14/10,6.743
9/15/10,6.738
9/16/10,6.725
9/17/10,6.723
9/20/10,6.7135
9/21/10,6.7059
9/22/10,6.7035
9/23/10,6.7046
9/24/10,6.7035
9/27/10,6.6911
9/28/10,6.6904
9/29/10,6.6869
9/30/10,6.6905
10/1/10,6.6895
10/4/10,6.6912
10/5/10,6.6906
10/6/10,6.6893
10/7/10,6.6903
10/8/10,6.671
10/11/10,.
10/12/10,6.6733
10/13/10,6.6634
10/14/10,6.6505
10/15/10,6.6397
10/18/10,6.644
10/19/10,6.6444
10/20/10,6.6518
10/21/10,6.6502
10/22/10,6.6583
10/25/10,6.6579
10/26/10,6.6625
10/27/10,6.6805
10/28/10,6.6867
10/29/10,6.6707
11/1/10,6.6892
11/2/10,6.6775
11/3/10,6.6758
11/4/10,6.6609
11/5/10,6.655
11/8/10,6.6791
11/9/10,6.6424
11/10/10,6.6335
11/11/10,.
11/12/10,6.6368
11/15/10,6.6418
11/16/10,6.6378
11/17/10,6.6415
11/18/10,6.633
11/19/10,6.6398
11/22/10,6.6414
11/23/10,6.6433
11/24/10,6.6529
11/26/10,6.6675
11/29/10,6.66
11/30/10,6.667
12/1/10,6.663
12/2/10,6.6609
12/3/10,6.6628
12/6/10,6.6483
12/7/10,6.6455
12/8/10,6.6616
12/9/10,6.6549
12/10/10,6.655
12/13/10,6.6652
12/14/10,6.6563
12/15/10,6.6541
12/16/10,6.6635
12/17/10,6.6545
12/20/10,6.6745
12/21/10,6.658
12/22/10,6.645
12/23/10,6.645
12/27/10,6.6306
12/28/10,6.6247
12/29/10,6.62
12/30/10,6.6
12/31/10,.
1/3/11,6.5895
1/4/11,6.6065
1/5/11,6.585
1/6/11,6.626
1/7/11,6.6276
1/10/11,6.6364
1/11/11,6.6185
1/12/11,6.6037
1/13/11,6.6044
1/14/11,6.5876
1/18/11,6.5828
1/19/11,6.5823
1/20/11,6.5852
1/21/11,6.5831
1/24/11,6.5809
1/25/11,6.5824
1/26/11,6.5814
1/27/11,6.5814
1/28/11,6.5819
1/31/11,6.6017
2/1/11,6.5937
2/2/11,6.556
2/3/11,6.556
2/4/11,6.556
2/7/11,6.56
2/8/11,6.552
2/9/11,6.5914
2/10/11,6.5864
2/11/11,6.5917
2/14/11,6.5965
2/15/11,6.5884
2/16/11,6.5884
2/17/11,6.585
2/18/11,6.5731
2/22/11,6.5795
2/23/11,6.5741
2/24/11,6.572
2/25/11,6.5749
2/28/11,6.5713
3/1/11,6.57
3/2/11,6.5723
3/3/11,6.5717
3/4/11,6.567
3/7/11,6.554
3/8/11,6.5684
3/9/11,6.558
3/10/11,6.5731
3/11/11,6.5742
3/14/11,6.5696
3/15/11,6.573
3/16/11,6.5713
3/17/11,6.5743
3/18/11,6.5689
3/21/11,6.5635
3/22/11,6.551
3/23/11,6.5591
3/24/11,6.558
3/25/11,6.5568
3/28/11,6.5643
3/29/11,6.56
3/30/11,6.5558
3/31/11,6.5483
4/1/11,6.5477
4/4/11,6.5385
4/5/11,6.539
4/6/11,6.544
4/7/11,6.542
4/8/11,6.535
4/11/11,6.5381
4/12/11,6.5402
4/13/11,6.5333
4/14/11,6.531
4/15/11,6.5317
4/18/11,6.5286
4/19/11,6.5303
4/20/11,6.5254
4/21/11,6.492
4/25/11,6.5277
4/26/11,6.527
4/27/11,6.5112
4/28/11,6.501
4/29/11,6.49
5/2/11,6.492
5/3/11,6.4955
5/4/11,6.4925
5/5/11,6.4931
5/6/11,6.4925
5/9/11,6.4937
5/10/11,6.4915
5/11/11,6.4915
5/12/11,6.4986
5/13/11,6.4977
5/16/11,6.5073
5/17/11,6.5057
5/18/11,6.5029
5/19/11,6.5042
5/20/11,6.4917
5/23/11,6.505
5/24/11,6.499
5/25/11,6.493
5/26/11,6.4913
5/27/11,6.492
5/31/11,6.4786
6/1/11,6.478
6/2/11,6.4824
6/3/11,6.4796
6/6/11,6.4796
6/7/11,6.481
6/8/11,6.4754
6/9/11,6.4757
6/10/11,6.4801
6/13/11,6.483
6/14/11,6.4794
6/15/11,6.482
6/16/11,6.4746
6/17/11,6.47
6/20/11,6.472
6/21/11,6.465
6/22/11,6.4628
6/23/11,6.4676
6/24/11,6.4737
6/27/11,6.4815
6/28/11,6.4699
6/29/11,6.4633
6/30/11,6.4635
7/1/11,6.4645
7/5/11,6.466
7/6/11,6.467
7/7/11,6.4655
7/8/11,6.4645
7/11/11,6.4671
7/12/11,6.472
7/13/11,6.4675
7/14/11,6.459
7/15/11,6.461
7/18/11,6.4688
7/19/11,6.4631
7/20/11,6.4581
7/21/11,6.4535
7/22/11,6.4464
7/25/11,6.445
7/26/11,6.4411
7/27/11,6.4428
7/28/11,6.4418
7/29/11,6.436
8/1/11,6.4337
8/2/11,6.4379
8/3/11,6.434
8/4/11,6.4377
8/5/11,6.4401
8/8/11,6.4342
8/9/11,6.4304
8/10/11,6.4172
8/11/11,6.3935
8/12/11,6.3892
8/15/11,6.3902
8/16/11,6.3818
8/17/11,6.3839
8/18/11,6.3873
8/19/11,6.391
8/22/11,6.4004
8/23/11,6.3975
8/24/11,6.388
8/25/11,6.39
8/26/11,6.386
8/29/11,6.3809
8/30/11,6.3802
8/31/11,6.3778
9/1/11,6.3812
9/2/11,6.3821
9/6/11,6.3901
9/7/11,6.394
9/8/11,6.3833
9/9/11,6.388
9/12/11,6.3877
9/13/11,6.397
9/14/11,6.391
9/15/11,6.3904
9/16/11,6.3833
9/19/11,6.3864
9/20/11,6.3837
9/21/11,6.3811
9/22/11,6.3879
9/23/11,6.3877
9/26/11,6.3975
9/27/11,6.3975
9/28/11,6.3933
9/29/11,6.3964
9/30/11,6.378
10/3/11,6.3745
10/4/11,6.3745
10/5/11,6.3745
10/6/11,6.378
10/7/11,6.3745
10/10/11,.
10/11/11,6.3745
10/12/11,6.358
10/13/11,6.382
10/14/11,6.378
10/17/11,6.3695
10/18/11,6.3804
10/19/11,6.3769
10/20/11,6.3825
10/21/11,6.3823
10/24/11,6.3744
10/25/11,6.3605
10/26/11,6.3534
10/27/11,6.359
10/28/11,6.357
10/31/11,6.3547
11/1/11,6.3547
11/2/11,6.355
11/3/11,6.3513
11/4/11,6.34
11/7/11,6.3481
11/8/11,6.3462
11/9/11,6.3401
11/10/11,6.3454
11/11/11,.
11/14/11,6.3536
11/15/11,6.3464
11/16/11,6.3445
11/17/11,6.3505
11/18/11,6.3565
11/21/11,6.3603
11/22/11,6.3605
11/23/11,6.3576
11/25/11,6.3802
11/28/11,6.3839
11/29/11,6.3769
11/30/11,6.3765
12/1/11,6.3655
12/2/11,6.3596
12/5/11,6.3629
12/6/11,6.3645
12/7/11,6.3642
12/8/11,6.3618
12/9/11,6.3641
12/12/11,6.3604
12/13/11,6.3648
12/14/11,6.371
12/15/11,6.3733
12/16/11,6.3479
12/19/11,6.3376
12/20/11,6.3459
12/21/11,6.3386
12/22/11,6.3392
12/23/11,6.3364
12/27/11,6.321
12/28/11,6.3211
12/29/11,6.3187
12/30/11,6.2939
1/3/12,6.294
1/4/12,6.2941
1/5/12,6.3013
1/6/12,6.3088
1/9/12,6.3143
1/10/12,6.3141
1/11/12,6.3149
1/12/12,6.3177
1/13/12,6.3065
1/17/12,6.3136
1/18/12,6.3109
1/19/12,6.3162
1/20/12,6.333
1/23/12,6.333
1/24/12,6.333
1/25/12,6.333
1/26/12,6.333
1/27/12,6.333
1/30/12,6.331
1/31/12,6.308
2/1/12,6.3076
2/2/12,6.3017
2/3/12,6.3027
2/6/12,6.312
2/7/12,6.3046
2/8/12,6.2938
2/9/12,6.2947
2/10/12,6.2991
2/13/12,6.2972
2/14/12,6.2995
2/15/12,6.2998
2/16/12,6.3014
2/17/12,6.2985
2/21/12,6.296
2/22/12,6.296
2/23/12,6.298
2/24/12,6.2976
2/27/12,6.3012
2/28/12,6.2989
2/29/12,6.2935
3/1/12,6.3001
3/2/12,6.2982
3/5/12,6.3066
3/6/12,6.3082
3/7/12,6.3097
3/8/12,6.3159
3/9/12,6.3109
3/12/12,6.3258
3/13/12,6.3266
3/14/12,6.3315
3/15/12,6.3282
3/16/12,6.3222
3/19/12,6.3191
3/20/12,6.3203
3/21/12,6.3226
3/22/12,6.299
3/23/12,6.3021
3/26/12,6.3139
3/27/12,6.3061
3/28/12,6.3044
3/29/12,6.3057
3/30/12,6.2975
4/2/12,6.2979
4/3/12,6.2975
4/4/12,6.2975
4/5/12,6.3123
4/9/12,6.31
4/10/12,6.3105
4/11/12,6.3076
4/12/12,6.3069
4/13/12,6.3022
4/16/12,6.315
4/17/12,6.3015
4/18/12,6.3026
4/19/12,6.3029
4/20/12,6.308
4/23/12,6.3084
4/24/12,6.3073
4/25/12,6.3039
4/26/12,6.3054
4/27/12,6.3093
4/30/12,6.279
5/1/12,6.3089
5/2/12,6.307
5/3/12,6.3052
5/4/12,6.3059
5/7/12,6.3074
5/8/12,6.3076
5/9/12,6.3096
5/10/12,6.314
5/11/12,6.3097
5/14/12,6.321
5/15/12,6.3176
5/16/12,6.3227
5/17/12,6.3247
5/18/12,6.3245
5/21/12,6.3277
5/22/12,6.3223
5/23/12,6.3343
5/24/12,6.3449
5/25/12,6.3439
5/29/12,6.3478
5/30/12,6.3574
5/31/12,6.3684
6/1/12,6.3692
6/4/12,6.3641
6/5/12,6.367
6/6/12,6.3634
6/7/12,6.3634
6/8/12,6.37
6/11/12,6.369
6/12/12,6.3703
6/13/12,6.3685
6/14/12,6.3702
6/15/12,6.3649
6/18/12,6.3539
6/19/12,6.3542
6/20/12,6.3597
6/21/12,6.3644
6/22/12,6.3644
6/25/12,6.3631
6/26/12,6.3626
6/27/12,6.3561
6/28/12,6.357
6/29/12,6.353
7/2/12,6.3487
7/3/12,6.3519
7/5/12,6.3557
7/6/12,6.364
7/9/12,6.3709
7/10/12,6.3654
7/11/12,6.3682
7/12/12,6.3732
7/13/12,6.3789
7/16/12,6.3784
7/17/12,6.3725
7/18/12,6.369
7/19/12,6.3724
7/20/12,6.3734
7/23/12,6.3856
7/24/12,6.3857
7/25/12,6.3879
7/26/12,6.3839
7/27/12,6.3807
7/30/12,6.3792
7/31/12,6.361
8/1/12,6.368
8/2/12,6.3671
8/3/12,6.3721
8/6/12,6.3738
8/7/12,6.3664
8/8/12,6.361
8/9/12,6.3579
8/10/12,6.3599
8/13/12,6.3611
8/14/12,6.3586
8/15/12,6.3619
8/16/12,6.3659
8/17/12,6.358
8/20/12,6.3592
8/21/12,6.3559
8/22/12,6.3515
8/23/12,6.3535
8/24/12,6.3542
8/27/12,6.3558
8/28/12,6.3525
8/29/12,6.3513
8/30/12,6.3494
8/31/12,6.3484
9/4/12,6.3465
9/5/12,6.3489
9/6/12,6.3428
9/7/12,6.3428
9/10/12,6.3375
9/11/12,6.3349
9/12/12,6.3261
9/13/12,6.3294
9/14/12,6.3145
9/17/12,6.317
9/18/12,6.3187
9/19/12,6.3091
9/20/12,6.3036
9/21/12,6.3051
9/24/12,6.309
9/25/12,6.3057
9/26/12,6.3015
9/27/12,6.3021
9/28/12,6.2848
10/1/12,6.284
10/2/12,6.284
10/3/12,6.284
10/4/12,6.284
10/5/12,6.284
10/8/12,.
10/9/12,6.2877
10/10/12,6.2831
10/11/12,6.2765
10/12/12,6.267
10/15/12,6.27
10/16/12,6.2637
10/17/12,6.254
10/18/12,6.2501
10/19/12,6.2533
10/22/12,6.2543
10/23/12,6.2478
10/24/12,6.2478
10/25/12,6.2416
10/26/12,6.248
10/31/12,6.2372
11/1/12,6.2393
11/2/12,6.2411
11/5/12,6.2452
11/6/12,6.2454
11/7/12,6.2435
11/8/12,6.2427
11/9/12,6.245
11/12/12,.
11/13/12,6.226
11/14/12,6.225
11/15/12,6.2329
11/16/12,6.2354
11/19/12,6.2343
11/20/12,6.2324
11/21/12,6.23
11/23/12,6.2275
11/26/12,6.2253
11/27/12,6.2221
11/28/12,6.2273
11/29/12,6.2281
11/30/12,6.2265
12/3/12,6.2277
12/4/12,6.2254
12/5/12,6.2251
12/6/12,6.2282
12/7/12,6.2299
12/10/12,6.2296
12/11/12,6.246
12/12/12,6.2502
12/13/12,6.2316
12/14/12,6.241
12/17/12,6.236
12/18/12,6.2322
12/19/12,6.2293
12/20/12,6.2297
12/21/12,6.2284
12/24/12,6.2335
12/26/12,6.2351
12/27/12,6.2358
12/28/12,6.2315
12/31/12,6.2301
1/2/13,6.2301
1/3/13,6.2301
1/4/13,6.2303
1/7/13,6.2294
1/8/13,6.2235
1/9/13,6.226
1/10/13,6.223
1/11/13,6.2156
1/14/13,6.219
1/15/13,6.2134
1/16/13,6.216
1/17/13,6.2158
1/18/13,6.2152
1/22/13,6.2196
1/23/13,6.2178
1/24/13,6.2179
1/25/13,6.2203
1/28/13,6.224
1/29/13,6.2259
1/30/13,6.2204
1/31/13,6.2186
2/1/13,6.2265
2/4/13,6.2326
2/5/13,6.2292
2/6/13,6.2315
2/7/13,6.2323
2/8/13,6.2323
2/11/13,6.2323
2/12/13,6.2323
2/13/13,6.2323
2/14/13,6.2323
2/15/13,6.2323
2/19/13,6.2438
2/20/13,6.2371
2/21/13,6.2403
2/22/13,6.2346
2/25/13,6.2337
2/26/13,6.2293
2/27/13,6.2271
2/28/13,6.2213
3/1/13,6.2226
3/4/13,6.2246
3/5/13,6.2208
3/6/13,6.2173
3/7/13,6.22
3/8/13,6.2145
3/11/13,6.2179
3/12/13,6.216
3/13/13,6.2137
3/14/13,6.2145
3/15/13,6.2133
3/18/13,6.2156
3/19/13,6.2154
3/20/13,6.2117
3/21/13,6.2141
3/22/13,6.212
3/25/13,6.2105
3/26/13,6.2108
3/27/13,6.2138
3/28/13,6.2143
4/1/13,6.2078
4/2/13,6.1992
4/3/13,6.1962
4/4/13,6.2005
4/5/13,6.2005
4/8/13,6.2031
4/9/13,6.2022
4/10/13,6.1938
4/11/13,6.1961
4/12/13,6.1914
4/15/13,6.1866
4/16/13,6.1824
4/17/13,6.172
4/18/13,6.1811
4/19/13,6.1772
4/22/13,6.1823
4/23/13,6.179
4/24/13,6.1782
4/25/13,6.1707
4/26/13,6.1647
4/29/13,6.1647
4/30/13,6.1647
5/1/13,6.1647
5/2/13,6.156
5/3/13,6.1555
5/6/13,6.1665
5/7/13,6.1539
5/8/13,6.141
5/9/13,6.1306
5/10/13,6.1415
5/13/13,6.1465
5/14/13,6.1426
5/15/13,6.1454
5/16/13,6.1487
5/17/13,6.141
5/20/13,6.1386
5/21/13,6.1353
5/22/13,6.1309
5/23/13,6.1337
5/24/13,6.1311
5/28/13,6.1213
5/29/13,6.1264
5/30/13,6.1307
5/31/13,6.134
6/3/13,6.1312
6/4/13,6.1285
6/5/13,6.1276
6/6/13,6.1359
6/7/13,6.1333
6/10/13,6.1333
6/11/13,6.1333
6/12/13,6.1333
6/13/13,6.1341
6/14/13,6.1306
6/17/13,6.1248
6/18/13,6.1283
6/19/13,6.1264
6/20/13,6.1277
6/21/13,6.1328
6/24/13,6.1441
6/25/13,6.1448
6/26/13,6.1468
6/27/13,6.1488
6/28/13,6.1374
7/1/13,6.1325
7/2/13,6.1327
7/3/13,6.1301
7/5/13,6.1324
7/8/13,6.1337
7/9/13,6.1293
7/10/13,6.1336
7/11/13,6.135
7/12/13,6.1373
7/15/13,6.1373
7/16/13,6.1345
7/17/13,6.1351
7/18/13,6.1408
7/19/13,6.1377
7/22/13,6.1404
7/23/13,6.1369
7/24/13,6.1358
7/25/13,6.1346
7/26/13,6.1316
7/29/13,6.1323
7/30/13,6.1315
7/31/13,6.1284
8/1/13,6.1302
8/2/13,6.1293
8/5/13,6.1245
8/6/13,6.1215
8/7/13,6.119
8/8/13,6.1207
8/9/13,6.1217
8/12/13,6.1218
8/13/13,6.1217
8/14/13,6.1191
8/15/13,6.1123
8/16/13,6.1145
8/19/13,6.1227
8/20/13,6.1241
8/21/13,6.1229
8/22/13,6.1206
8/23/13,6.12
8/26/13,6.1202
8/27/13,6.1212
8/28/13,6.1202
8/29/13,6.1203
8/30/13,6.1193
9/3/13,6.1204
9/4/13,6.1199
9/5/13,6.1194
9/6/13,6.1202
9/9/13,6.1209
9/10/13,6.1195
9/11/13,6.1183
9/12/13,6.1178
9/13/13,6.1186
9/16/13,6.1198
9/17/13,6.1213
9/18/13,6.121
9/19/13,6.121
9/20/13,6.121
9/23/13,6.1201
9/24/13,6.1208
9/25/13,6.119
9/26/13,6.1194
9/27/13,6.1179
9/30/13,6.12
10/1/13,6.12
10/2/13,6.12
10/3/13,6.12
10/4/13,6.12
10/7/13,6.12
10/8/13,6.1206
10/9/13,6.1209
10/10/13,6.1156
10/11/13,6.1204
10/14/13,.
10/15/13,6.1026
10/16/13,6.0996
10/17/13,6.098
10/18/13,6.0966
10/21/13,6.0924
10/22/13,6.0925
10/23/13,6.0833
10/24/13,6.0815
10/25/13,6.0838
10/28/13,6.0853
10/29/13,6.0897
10/30/13,6.0936
10/31/13,6.0943
11/1/13,6.0993
11/4/13,6.098
11/5/13,6.0966
11/6/13,6.0925
11/7/13,6.0906
11/8/13,6.0903
11/11/13,.
11/12/13,6.0917
11/13/13,6.0926
11/14/13,6.092
11/15/13,6.092
11/18/13,6.0918
11/19/13,6.0924
11/20/13,6.0925
11/21/13,6.0914
11/22/13,6.0935
11/25/13,6.0916
11/26/13,6.0925
11/27/13,6.0922
11/29/13,6.0922
12/2/13,6.0927
12/3/13,6.0914
12/4/13,6.0913
12/5/13,6.0903
12/6/13,6.0815
12/9/13,6.0643
12/10/13,6.0705
12/11/13,6.0712
12/12/13,6.071
12/13/13,6.071
12/16/13,6.0713
12/17/13,6.0707
12/18/13,6.0713
12/19/13,6.0711
12/20/13,6.0711
12/23/13,6.0697
12/24/13,6.0712
12/26/13,6.0744
12/27/13,6.0684
12/30/13,6.0617
12/31/13,6.0537
1/2/14,6.0504
1/3/14,6.0505
1/6/14,6.0524
1/7/14,6.0507
1/8/14,6.051
1/9/14,6.054
1/10/14,6.0519
1/13/14,6.0432
1/14/14,6.0402
1/15/14,6.0459
1/16/14,6.0555
1/17/14,6.05
1/21/14,6.0503
1/22/14,6.0508
1/23/14,6.0515
1/24/14,6.0486
1/27/14,6.0478
1/28/14,6.0506
1/29/14,6.0554
1/30/14,6.06
1/31/14,6.059
2/3/14,6.06
2/4/14,6.06
2/5/14,6.06
2/6/14,6.06
2/7/14,6.0629
2/10/14,6.0591
2/11/14,6.0601
2/12/14,6.0614
2/13/14,6.0631
2/14/14,6.0666
2/18/14,6.0671
2/19/14,6.0762
2/20/14,6.0832
2/21/14,6.0912
2/24/14,6.0982
2/25/14,6.1243
2/26/14,6.1243
2/27/14,6.1279
2/28/14,6.1448
3/3/14,6.146
3/4/14,6.143
3/5/14,6.128
3/6/14,6.1183
3/7/14,6.1258
3/10/14,6.1383
3/11/14,6.1397
3/12/14,6.1448
3/13/14,6.1359
3/14/14,6.15
3/17/14,6.1779
3/18/14,6.1918
3/19/14,6.1934
3/20/14,6.2273
3/21/14,6.2248
3/24/14,6.1956
3/25/14,6.201
3/26/14,6.2084
3/27/14,6.2123
3/28/14,6.2117
3/31/14,6.2164
4/1/14,6.2064
4/2/14,6.2054
4/3/14,6.2102
4/4/14,6.2118
4/7/14,6.2118
4/8/14,6.1966
4/9/14,6.2003
4/10/14,6.2123
4/11/14,6.2111
4/14/14,6.2186
4/15/14,6.2215
4/16/14,6.2204
4/17/14,6.2188
4/21/14,6.2269
4/22/14,6.2373
4/23/14,6.2374
4/24/14,6.2484
4/25/14,6.2534
4/28/14,6.252
4/29/14,6.2578
4/30/14,6.2591
5/1/14,6.2591
5/2/14,6.2591
5/5/14,6.2453
5/6/14,6.2255
5/7/14,6.2349
5/8/14,6.2272
5/9/14,6.227
5/12/14,6.2364
5/13/14,6.2283
5/14/14,6.2282
5/15/14,6.2291
5/16/14,6.2327
5/19/14,6.2368
5/20/14,6.2377
5/21/14,6.2335
5/22/14,6.2348
5/23/14,6.2363
5/27/14,6.2471
5/28/14,6.2535
5/29/14,6.2375
5/30/14,6.2471
6/2/14,6.2471
6/3/14,6.2536
6/4/14,6.2494
6/5/14,6.2548
6/6/14,6.2498
6/9/14,6.2397
6/10/14,6.224
6/11/14,6.2277
6/12/14,6.2175
6/13/14,6.209
6/16/14,6.225
6/17/14,6.2263
6/18/14,6.2309
6/19/14,6.2287
6/20/14,6.224
6/23/14,6.225
6/24/14,6.2308
6/25/14,6.2343
6/26/14,6.2235
6/27/14,6.218
6/30/14,6.2036
7/1/14,6.1995
7/2/14,6.2101
7/3/14,6.2115
7/7/14,6.2036
7/8/14,6.201
7/9/14,6.1994
7/10/14,6.2023
7/11/14,6.2034
7/14/14,6.2059
7/15/14,6.2075
7/16/14,6.2035
7/17/14,6.2033
7/18/14,6.2075
7/21/14,6.2088
7/22/14,6.2025
7/23/14,6.1982
7/24/14,6.1944
7/25/14,6.1913
7/28/14,6.187
7/29/14,6.18
7/30/14,6.1712
7/31/14,6.1737
8/1/14,6.1793
8/4/14,6.178
8/5/14,6.1705
8/6/14,6.1625
8/7/14,6.1618
8/8/14,6.1557
8/11/14,6.1528
8/12/14,6.1575
8/13/14,6.1531
8/14/14,6.1575
8/15/14,6.147
8/18/14,6.1425
8/19/14,6.1425
8/20/14,6.1395
8/21/14,6.151
8/22/14,6.151
8/25/14,6.154
8/26/14,6.1522
8/27/14,6.143
8/28/14,6.1423
8/29/14,6.143
9/2/14,6.148
9/3/14,6.1408
9/4/14,6.1383
9/5/14,6.14
9/8/14,6.14
9/9/14,6.1362
9/10/14,6.1284
9/11/14,6.1295
9/12/14,6.1344
9/15/14,6.1415
9/16/14,6.1459
9/17/14,6.1385
9/18/14,6.14
9/19/14,6.1403
9/22/14,6.14
9/23/14,6.1368
9/24/14,6.1346
9/25/14,6.1355
9/26/14,6.1266
9/29/14,6.1495
9/30/14,6.138
10/1/14,6.138
10/2/14,6.138
10/3/14,6.1385
10/6/14,6.1385
10/7/14,6.1385
10/8/14,6.1385
10/9/14,6.1299
10/10/14,6.1308
10/13/14,.
10/14/14,6.125
10/15/14,6.1249
10/16/14,6.123
10/17/14,6.1238
10/20/14,6.1233
10/21/14,6.1205
10/22/14,6.118
10/23/14,6.119
10/24/14,6.1168
10/27/14,6.116
10/28/14,6.113
10/29/14,6.1107
10/30/14,6.114
10/31/14,6.1124
11/3/14,6.1178
11/4/14,6.115
11/5/14,6.1135
11/6/14,6.1117
11/7/14,6.1225
11/10/14,6.119
11/11/14,.
11/12/14,6.1257
11/13/14,6.1243
11/14/14,6.129
11/17/14,6.1242
11/18/14,6.1208
11/19/14,6.119
11/20/14,6.123
11/21/14,6.1244
11/24/14,6.1412
11/25/14,6.1355
11/26/14,6.1386
11/28/14,6.1429
12/1/14,6.1515
12/2/14,6.149
12/3/14,6.1499
12/4/14,6.1541
12/5/14,6.1497
12/8/14,6.1725
12/9/14,6.1855
12/10/14,6.1763
12/11/14,6.1881
12/12/14,6.1864
12/15/14,6.19
12/16/14,6.189
12/17/14,6.1957
12/18/14,6.2139
12/19/14,6.2196
12/22/14,6.2213
12/23/14,6.2256
12/24/14,6.2148
12/26/14,.
12/29/14,6.2222
12/30/14,6.2015
12/31/14,6.2046
1/2/15,6.2046
1/5/15,6.2201
1/6/15,6.2125
1/7/15,6.2127
1/8/15,6.2143
1/9/15,6.2085
1/12/15,6.2027
1/13/15,6.197
1/14/15,6.1957
1/15/15,6.187
1/16/15,6.2065
1/20/15,6.2137
1/21/15,6.2112
1/22/15,6.2085
1/23/15,6.2279
1/26/15,6.2535
1/27/15,6.243
1/28/15,6.2475
1/29/15,6.2463
1/30/15,6.2495
2/2/15,6.2594
2/3/15,6.2573
2/4/15,6.2472
2/5/15,6.2516
2/6/15,6.2417
2/9/15,6.2467
2/10/15,6.2405
2/11/15,6.2422
2/12/15,6.244
2/13/15,6.2399
2/17/15,6.2546
2/18/15,6.2546
2/19/15,6.2546
2/20/15,6.2546
2/23/15,6.2546
2/24/15,6.2546
2/25/15,6.2591
2/26/15,6.2584
2/27/15,6.2695
3/2/15,6.272
3/3/15,6.2741
3/4/15,6.2701
3/5/15,6.2658
3/6/15,6.262
3/9/15,6.2635
3/10/15,6.2615
3/11/15,6.2613
3/12/15,6.2614
3/13/15,6.2585
3/16/15,6.262
3/17/15,6.249
3/18/15,6.2289
3/19/15,6.1955
3/20/15,6.2037
3/23/15,6.2135
3/24/15,6.2046
3/25/15,6.2116
3/26/15,6.2103
3/27/15,6.2145
3/30/15,6.2065
3/31/15,6.199
4/1/15,6.1976
4/2/15,6.1968
4/6/15,6.193
4/7/15,6.1955
4/8/15,6.202
4/9/15,6.205
4/10/15,6.2082
4/13/15,6.2152
4/14/15,6.2113
4/15/15,6.2037
4/16/15,6.1947
4/17/15,6.1976
4/20/15,6.2014
4/21/15,6.201
4/22/15,6.1927
4/23/15,6.1975
4/24/15,6.193
4/27/15,6.2185
4/28/15,6.2035
4/29/15,6.1989
4/30/15,6.2018
5/1/15,6.2018
5/4/15,6.2085
5/5/15,6.2058
5/6/15,6.2001
5/7/15,6.2063
5/8/15,6.2084
5/11/15,6.2086
5/12/15,6.2086
5/13/15,6.2043
5/14/15,6.2013
5/15/15,6.2051
5/18/15,6.2041
5/19/15,6.2064
5/20/15,6.2036
5/21/15,6.1958
5/22/15,6.1972
5/26/15,6.2038
5/27/15,6.2011
5/28/15,6.2002
5/29/15,6.198
6/1/15,6.1985
6/2/15,6.198
6/3/15,6.1976
6/4/15,6.2006
6/5/15,6.2024
6/8/15,6.2053
6/9/15,6.2047
6/10/15,6.2055
6/11/15,6.2065
6/12/15,6.2081
6/15/15,6.208
6/16/15,6.2085
6/17/15,6.2086
6/18/15,6.2075
6/19/15,6.2085
6/22/15,6.2085
6/23/15,6.2066
6/24/15,6.2061
6/25/15,6.2084
6/26/15,6.208
6/29/15,6.2085
6/30/15,6.2
7/1/15,6.2008
7/2/15,6.2044
7/6/15,6.2089
7/7/15,6.2097
7/8/15,6.2087
7/9/15,6.2086
7/10/15,6.2092
7/13/15,6.2081
7/14/15,6.2088
7/15/15,6.2082
7/16/15,6.2094
7/17/15,6.2085
7/20/15,6.2095
7/21/15,6.2095
7/22/15,6.2093
7/23/15,6.2091
7/24/15,6.2095
7/27/15,6.2091
7/28/15,6.2084
7/29/15,6.2089
7/30/15,6.2096
7/31/15,6.2097
8/3/15,6.2087
8/4/15,6.2086
8/5/15,6.2096
8/6/15,6.2096
8/7/15,6.2087
8/10/15,6.2094
8/11/15,6.3232
8/12/15,6.3845
8/13/15,6.3982
8/14/15,6.3908
8/17/15,6.3937
8/18/15,6.3928
8/19/15,6.3956
8/20/15,6.3875
8/21/15,6.3887
8/24/15,6.4029
8/25/15,6.4122
8/26/15,6.4083
8/27/15,6.4053
8/28/15,6.389
8/31/15,6.376
9/1/15,6.363
9/2/15,6.3544
9/3/15,6.3549
9/4/15,6.3549
9/8/15,6.3657
9/9/15,6.3768
9/10/15,6.377
9/11/15,6.3735
9/14/15,6.3664
9/15/15,6.3685
9/16/15,6.3694
9/17/15,6.3645
9/18/15,6.3628
9/21/15,6.3676
9/22/15,6.375
9/23/15,6.3836
9/24/15,6.3818
9/25/15,6.3737
9/28/15,6.3685
9/29/15,6.3621
9/30/15,6.3556
10/1/15,6.3559
10/2/15,6.3559
10/5/15,6.3559
10/6/15,6.3559
10/7/15,6.3559
10/8/15,6.3529
10/9/15,6.345
10/12/15,.
10/13/15,6.3417
10/14/15,6.3462
10/15/15,6.3459
10/16/15,6.3523
10/19/15,6.3591
10/20/15,6.348
10/21/15,6.3487
10/22/15,6.3577
10/23/15,6.3488
10/26/15,6.3517
10/27/15,6.3517
10/28/15,6.3581
10/29/15,6.3552
10/30/15,6.318
11/2/15,6.318
11/3/15,6.318
11/4/15,6.3357
11/5/15,6.318
11/6/15,6.318
11/9/15,6.3619
11/10/15,6.3603
11/11/15,.
11/12/15,6.369
11/13/15,6.3735
11/16/15,6.37
11/17/15,6.3771
11/18/15,6.3834
11/19/15,6.3825
11/20/15,6.3835
11/23/15,6.389
11/24/15,6.3883
11/25/15,6.3877
11/27/15,6.3945
11/30/15,6.3883
12/1/15,6.3883
12/2/15,6.3883
12/3/15,6.3883
12/4/15,6.3883
12/7/15,6.4081
12/8/15,6.4162
12/9/15,6.427
12/10/15,6.4363
12/11/15,6.4538
12/14/15,6.4588
12/15/15,6.46
12/16/15,6.4723
12/17/15,6.4822
12/18/15,6.48
12/21/15,6.4793
12/22/15,6.4778
12/23/15,6.4763
12/24/15,6.4758
12/28/15,6.4778
12/29/15,6.4778
12/30/15,6.4896
12/31/15,6.4778
1/4/16,6.5338
1/5/16,6.5219
1/6/16,6.5554
1/7/16,6.5926
1/8/16,6.5932
1/11/16,6.5675
1/12/16,6.57
1/13/16,6.57
1/14/16,6.5891
1/15/16,6.584
1/19/16,6.5783
1/20/16,6.5781
1/21/16,6.5794
1/22/16,6.5788
1/25/16,6.579
1/26/16,6.5814
1/27/16,6.5773
1/28/16,6.5744
1/29/16,6.5752
2/1/16,6.5778
2/2/16,6.5795
2/3/16,6.5765
2/4/16,6.5638
2/5/16,6.571
2/8/16,6.571
2/9/16,6.571
2/10/16,6.571
2/11/16,6.571
2/12/16,6.571
2/16/16,6.5154
2/17/16,6.527
2/18/16,6.5163
2/19/16,6.5202
2/22/16,6.5197
2/23/16,6.5263
2/24/16,6.529
2/25/16,6.532
2/26/16,6.539
2/29/16,6.5525
3/1/16,6.55
3/2/16,6.5499
3/3/16,6.5312
3/4/16,6.5064
3/7/16,6.5155
3/8/16,6.5044
3/9/16,6.5105
3/10/16,6.507
3/11/16,6.494
3/14/16,6.4984
3/15/16,6.511
3/16/16,6.5189
3/17/16,6.4745
3/18/16,6.4682
3/21/16,6.4812
3/22/16,6.4876
3/23/16,6.5035
3/24/16,6.5124
3/28/16,6.5051
3/29/16,6.5063
3/30/16,6.4648
3/31/16,6.448
4/1/16,6.4776
4/4/16,6.4776
4/5/16,6.476
4/6/16,6.478
4/7/16,6.4599
4/8/16,6.4628
4/11/16,6.458
4/12/16,6.4639
4/13/16,6.4768
4/14/16,6.481
4/15/16,6.473
4/18/16,6.4717
4/19/16,6.4571
4/20/16,6.4675
4/21/16,6.481
4/22/16,6.5004
4/25/16,6.49
4/26/16,6.4905
4/27/16,6.494
4/28/16,6.4735
4/29/16,6.4738
5/2/16,6.4738
5/3/16,6.49
5/4/16,6.4945
5/5/16,6.5032
5/6/16,6.497
5/9/16,6.514
5/10/16,6.515
5/11/16,6.491
5/12/16,6.514
5/13/16,6.5285
5/16/16,6.5184
5/17/16,6.517
5/18/16,6.537
5/19/16,6.544
5/20/16,6.5485
5/23/16,6.5533
5/24/16,6.5552
5/25/16,6.5538
5/26/16,6.554
5/27/16,6.5615
5/31/16,6.5798
6/1/16,6.5748
6/2/16,6.5815
6/3/16,6.5638
6/6/16,6.5611
6/7/16,6.571
6/8/16,6.56
6/9/16,6.559
6/10/16,6.559
6/13/16,6.5823
6/14/16,6.593
6/15/16,6.5785
6/16/16,6.5899
6/17/16,6.5849
6/20/16,6.5768
6/21/16,6.5893
6/22/16,6.575
6/23/16,6.574
6/24/16,6.615
6/27/16,6.6481
6/28/16,6.645
6/29/16,6.635
6/30/16,6.6459
7/1/16,6.6547
7/5/16,6.677
7/6/16,6.69
7/7/16,6.679
7/8/16,6.6878
7/11/16,6.6917
7/12/16,6.686
7/13/16,6.6832
7/14/16,6.6801
7/15/16,6.6865
7/18/16,6.7013
7/19/16,6.6931
7/20/16,6.676
7/21/16,6.6735
7/22/16,6.676
7/25/16,6.6783
7/26/16,6.669
7/27/16,6.668
7/28/16,6.6538
7/29/16,6.6371
8/1/16,6.6421
8/2/16,6.6239
8/3/16,6.632
8/4/16,6.6388
8/5/16,6.653
8/8/16,6.6597
8/9/16,6.653
8/10/16,6.6345
8/11/16,6.6274
8/12/16,6.6324
8/15/16,6.637
8/16/16,6.624
8/17/16,6.6328
8/18/16,6.6297
8/19/16,6.6515
8/22/16,6.6475
8/23/16,6.6378
8/24/16,6.6562
8/25/16,6.656
8/26/16,6.669
8/29/16,6.6775
8/30/16,6.6778
8/31/16,6.6776
9/1/16,6.6713
9/2/16,6.679
9/6/16,6.6722
9/7/16,6.66
9/8/16,6.664
9/9/16,6.6778
9/12/16,6.6788
9/13/16,6.6782
9/14/16,6.6707
9/15/16,6.6707
9/16/16,6.6707
9/19/16,6.665
9/20/16,6.67
9/21/16,6.6695
9/22/16,6.663
9/23/16,6.669
9/26/16,6.6683
9/27/16,6.6691
9/28/16,6.673
9/29/16,6.665
9/30/16,6.6685
10/3/16,6.6685
10/4/16,6.6685
10/5/16,6.6685
10/6/16,6.6685
10/7/16,6.6685
10/10/16,.
10/11/16,6.719
10/12/16,6.718
10/13/16,6.7248
10/14/16,6.7277
10/17/16,6.735
10/18/16,6.7401
10/19/16,6.737
10/20/16,6.7439
10/21/16,6.7654
10/24/16,6.7728
10/25/16,6.778
10/26/16,6.7706
10/27/16,6.7819
10/28/16,6.776
10/31/16,6.7735
11/1/16,6.763
11/2/16,6.7606
11/3/16,6.7612
11/4/16,6.7534
11/7/16,6.774
11/8/16,6.784
11/9/16,6.7769
11/10/16,6.7987
11/11/16,.
11/14/16,6.8447
11/15/16,6.8556
11/16/16,6.877
11/17/16,6.8674
11/18/16,6.8873
11/21/16,6.8918
11/22/16,6.888
11/23/16,6.9195
11/25/16,6.9176
11/28/16,6.9055
11/29/16,6.8933
11/30/16,6.8837
12/1/16,6.883
12/2/16,6.883
12/5/16,6.8775
12/6/16,6.879
12/7/16,6.878
12/8/16,6.8771
12/9/16,6.9042
12/12/16,6.9045
12/13/16,6.8984
12/14/16,6.9025
12/15/16,6.941
12/16/16,6.958
12/19/16,6.9506
12/20/16,6.947
12/21/16,6.939
12/22/16,6.9473
12/23/16,6.9432
12/27/16,6.9491
12/28/16,6.9559
12/29/16,6.9535
12/30/16,6.943
1/3/17,6.9575
1/4/17,6.9322
1/5/17,6.887
1/6/17,6.9176
1/9/17,6.935
1/10/17,6.918
1/11/17,6.9365
1/12/17,6.889
1/13/17,6.8985
1/17/17,6.852
1/18/17,6.836
1/19/17,6.868
1/20/17,.
1/23/17,6.8514
1/24/17,6.8555
1/25/17,6.8812
1/26/17,6.8768
1/27/17,6.8768
1/30/17,6.8768
1/31/17,6.8768
2/1/17,6.8768
2/2/17,6.8768
2/3/17,6.865
2/6/17,6.86
2/7/17,6.8821
2/8/17,6.87
2/9/17,6.866
2/10/17,6.8775
2/13/17,6.8776
2/14/17,6.8649
2/15/17,6.8685
2/16/17,6.8517
2/17/17,6.864
2/21/17,6.881
2/22/17,6.8765
2/23/17,6.8622
2/24/17,6.8645
2/27/17,6.8675
2/28/17,6.8665
3/1/17,6.8794
3/2/17,6.8868
3/3/17,6.8954
3/6/17,6.8955
3/7/17,6.9
3/8/17,6.9113
3/9/17,6.9086
3/10/17,6.905
3/13/17,6.905
3/14/17,6.913
3/15/17,6.9132
3/16/17,6.913
3/17/17,6.9
3/20/17,6.905
3/21/17,6.883
3/22/17,6.8785
3/23/17,6.8843
3/24/17,6.8803
3/27/17,6.8687
3/28/17,6.8779
3/29/17,6.8879
3/30/17,6.887
3/31/17,6.8832
4/3/17,6.8832
4/4/17,6.8832
4/5/17,6.892
4/6/17,6.8955
4/7/17,6.8978
4/10/17,6.8988
4/11/17,6.8893
4/12/17,6.889
4/13/17,6.8865
4/17/17,6.88
4/18/17,6.8778
4/19/17,6.886
4/20/17,6.88
4/21/17,6.8845
4/24/17,6.884
4/25/17,6.8824
4/26/17,6.8918
4/27/17,6.8958
4/28/17,6.89
5/1/17,6.89
5/2/17,6.8949
5/3/17,6.8968
5/4/17,6.8959
5/5/17,6.9021
5/8/17,6.904
5/9/17,6.906
5/10/17,6.9011
5/11/17,6.9033
5/12/17,6.8972
5/15/17,6.89
5/16/17,6.884
5/17/17,6.8773
5/18/17,6.888
5/19/17,6.883
5/22/17,6.8828
5/23/17,6.888
5/24/17,6.8883
5/25/17,6.8672
5/26/17,6.8525
5/30/17,6.8525
5/31/17,6.8098
6/1/17,6.8029
6/2/17,6.8085
6/5/17,6.803
6/6/17,6.7945
6/7/17,6.7935
6/8/17,6.799
6/9/17,6.797
6/12/17,6.7974
6/13/17,6.7981
6/14/17,6.7888
6/15/17,6.8061
6/16/17,6.8097
6/19/17,6.818
6/20/17,6.8285
6/21/17,6.8275
6/22/17,6.8275
6/23/17,6.8345
6/26/17,6.8382
6/27/17,6.81
6/28/17,6.7984
6/29/17,6.784
6/30/17,6.7793
7/3/17,6.7984
7/5/17,6.7995
7/6/17,6.799
7/7/17,6.8039
7/10/17,6.8026
7/11/17,6.801
7/12/17,6.7865
7/13/17,6.7825
7/14/17,6.7741
7/17/17,6.769
7/18/17,6.7451
7/19/17,6.7511
7/20/17,6.757
7/21/17,6.7663
7/24/17,6.7488
7/25/17,6.7495
7/26/17,6.753
7/27/17,6.741
7/28/17,6.7362
7/31/17,6.724
8/1/17,6.717
8/2/17,6.72
8/3/17,6.715
8/4/17,6.7272
8/7/17,6.7207
8/8/17,6.7049
8/9/17,6.672
8/10/17,6.646
8/11/17,6.6612
8/14/17,6.6695
8/15/17,6.6845
8/16/17,6.69
8/17/17,6.673
8/18/17,6.67
8/21/17,6.663
8/22/17,6.66
8/23/17,6.6569
8/24/17,6.66
8/25/17,6.6465
8/28/17,6.6084
8/29/17,6.5945
8/30/17,6.5918
8/31/17,6.5888
9/1/17,6.5552
9/5/17,6.5345
9/6/17,6.5221
9/7/17,6.483
9/8/17,6.4773
9/11/17,6.5254
9/12/17,6.5334
9/13/17,6.54
9/14/17,6.552
9/15/17,6.55
9/18/17,6.5725
9/19/17,6.58
9/20/17,6.57
9/21/17,6.5861
9/22/17,6.5899
9/25/17,6.6189
9/26/17,6.6371
9/27/17,6.64
9/28/17,6.6591
9/29/17,6.6533
10/2/17,6.6533
10/3/17,6.6533
10/4/17,6.6533
10/5/17,6.6533
10/6/17,6.6533
10/9/17,.
10/10/17,6.5712
10/11/17,6.587
10/12/17,6.5855
10/13/17,6.5785
10/16/17,6.5885
10/17/17,6.622
10/18/17,6.625
10/19/17,6.6126
10/20/17,6.6185
10/23/17,6.638
10/24/17,6.6335
10/25/17,6.635
10/26/17,6.6392
10/27/17,6.6498
10/30/17,6.6498
10/31/17,6.6328
11/1/17,6.6018
11/2/17,6.6068
11/3/17,6.636
11/6/17,6.6311
11/7/17,6.638
11/8/17,6.6249
11/9/17,6.6378
11/10/17,.
11/13/17,6.6385
11/14/17,6.635
11/15/17,6.62
11/16/17,6.6273
11/17/17,6.6245
11/20/17,6.6245
11/21/17,6.6265
11/22/17,6.6086
11/24/17,6.5998
11/27/17,6.5967
11/28/17,6.6044
11/29/17,6.6091
11/30/17,6.609
12/1/17,6.6137
12/4/17,6.6185
12/5/17,6.617
12/6/17,6.6136
12/7/17,6.6173
12/8/17,6.6199
12/11/17,6.6175
12/12/17,6.621
12/13/17,6.6171
12/14/17,6.6091
12/15/17,6.6088
12/18/17,6.6088
12/19/17,6.6088
12/20/17,6.5771
12/21/17,6.5833
12/22/17,6.575
12/26/17,6.5429
12/27/17,6.556
12/28/17,6.5322
12/29/17,6.5063
1/2/18,6.491
1/3/18,6.501
1/4/18,6.4915
1/5/18,6.4875
1/8/18,6.497
1/9/18,6.5263
1/10/18,6.5055
1/11/18,6.4956
1/12/18,6.4607
1/16/18,6.4395
1/17/18,6.433
1/18/18,6.4175
1/19/18,6.399
1/22/18,6.4035
1/23/18,6.4
1/24/18,6.365
1/25/18,6.3189
1/26/18,6.3199
1/29/18,6.3328
1/30/18,6.3199
1/31/18,6.2841
2/1/18,6.2969
2/2/18,6.2984
2/5/18,6.285
2/6/18,6.283
2/7/18,6.2649
2/8/18,6.3222
2/9/18,6.2966
2/12/18,6.325
2/13/18,6.338
2/14/18,6.3438
2/15/18,6.3438
2/16/18,6.3438
2/20/18,6.3351
2/21/18,6.3351
2/22/18,6.3471
2/23/18,6.3329
2/26/18,6.3115
2/27/18,6.3169
2/28/18,6.328
3/1/18,6.3565
3/2/18,6.3428
3/5/18,6.3491
3/6/18,6.3093
3/7/18,6.3225
3/8/18,6.3389
3/9/18,6.3285
3/12/18,6.327
3/13/18,6.318
3/14/18,6.314
3/15/18,6.3202
3/16/18,6.33
3/19/18,6.3291
3/20/18,6.3328
3/21/18,6.32
3/22/18,6.331
3/23/18,6.311
3/26/18,6.2685
3/27/18,6.2781
3/28/18,6.2946
3/29/18,6.2876
4/2/18,6.2785
4/3/18,6.2881
4/4/18,6.3045
4/5/18,6.3045
4/6/18,6.3045
4/9/18,6.3035
4/10/18,6.2798
4/11/18,6.2655
4/12/18,6.2876
4/13/18,6.2725
4/16/18,6.2752
4/17/18,6.2804
4/18/18,6.2722
4/19/18,6.2765
4/20/18,6.2945
4/23/18,6.3158
4/24/18,6.3035
4/25/18,6.3236
4/26/18,6.334
4/27/18,6.3325
4/30/18,6.3325
5/1/18,6.3325
5/2/18,6.361
5/3/18,6.352
5/4/18,6.3589
5/7/18,6.364
5/8/18,6.369
5/9/18,6.3585
5/10/18,6.344
5/11/18,6.3333
5/14/18,6.336
5/15/18,6.376
5/16/18,6.3706
5/17/18,6.3645
5/18/18,6.3768
5/21/18,6.3815
5/22/18,6.366
5/23/18,6.3875
5/24/18,6.3757
5/25/18,6.3903
5/29/18,6.4162
5/30/18,6.4175
5/31/18,6.4096
6/1/18,6.418
6/4/18,6.405
6/5/18,6.4042
6/6/18,6.385
6/7/18,6.389
6/8/18,6.4031
6/11/18,6.4
6/12/18,6.3992
6/13/18,6.3944
6/14/18,6.398
6/15/18,6.4379
6/18/18,6.4379
6/19/18,6.4802
6/20/18,6.4713
6/21/18,6.49
6/22/18,6.5027
6/25/18,6.536
6/26/18,6.5759
6/27/18,6.5992
6/28/18,6.6235
6/29/18,6.6171
7/2/18,6.6632
7/3/18,6.6368
7/5/18,6.6341
7/6/18,6.6396
7/9/18,6.6123
7/10/18,6.6296
7/11/18,6.6764
7/12/18,6.663
7/13/18,6.69
7/16/18,6.6866
7/17/18,6.7018
7/18/18,6.7161
7/19/18,6.7701
7/20/18,6.7659
7/23/18,6.7927
7/24/18,6.7912
7/25/18,6.7658
7/26/18,6.7865
7/27/18,6.8097
7/30/18,6.8102
7/31/18,6.8038
8/1/18,6.8154
8/2/18,6.838
8/3/18,6.8309
8/6/18,6.85
8/7/18,6.828
8/8/18,6.8344
8/9/18,6.8199
8/10/18,6.8458
8/13/18,6.888
8/14/18,6.8809
8/15/18,6.933
8/16/18,6.8792
8/17/18,6.874
8/20/18,6.8546
8/21/18,6.8444
8/22/18,6.84
8/23/18,6.8748
8/24/18,6.803
8/27/18,6.8145
8/28/18,6.8018
8/29/18,6.819
8/30/18,6.8415
8/31/18,6.83
9/4/18,6.8427
9/5/18,6.827
9/6/18,6.8322
9/7/18,6.8419
9/10/18,6.8545
9/11/18,6.8704
9/12/18,6.8574
9/13/18,6.8407
9/14/18,6.8673
9/17/18,6.854
9/18/18,6.8591
9/19/18,6.8466
9/20/18,6.8455
9/21/18,6.8559
9/24/18,6.8559
9/25/18,6.8632
9/26/18,6.8763
9/27/18,6.888
9/28/18,6.868
10/1/18,6.868
10/2/18,6.868
10/3/18,6.868
10/4/18,6.868
10/5/18,6.868
10/8/18,.
10/9/18,6.9217
10/10/18,6.9224
10/11/18,6.888
10/12/18,6.9182
10/15/18,6.9131
10/16/18,6.9102
10/17/18,6.9263
10/18/18,6.9367
10/19/18,6.9291
10/22/18,6.9446
10/23/18,6.9373
10/24/18,6.942
10/25/18,6.9477
10/26/18,6.9425
10/29/18,6.9605
10/30/18,6.9663
10/31/18,6.9737
11/1/18,6.9205
11/2/18,6.8894
11/5/18,6.9249
11/6/18,6.9172
11/7/18,6.9174
11/8/18,6.9318
11/9/18,6.9553
11/12/18,.
11/13/18,6.9546
11/14/18,6.95
11/15/18,6.938
11/16/18,6.9367
11/19/18,6.9398
11/20/18,6.9448
11/21/18,6.9248
11/23/18,6.9477
11/26/18,6.9397
11/27/18,6.9498
11/28/18,6.9534
11/29/18,6.9419
11/30/18,6.9558
12/3/18,6.8798
12/4/18,6.8343
12/6/18,6.8816
12/7/18,6.8733
12/10/18,6.9077
12/11/18,6.8968
12/12/18,6.8778
12/13/18,6.8798
12/14/18,6.905
12/17/18,6.8962
12/18/18,6.8939
12/19/18,6.8918
12/20/18,6.8834
12/21/18,6.9048
12/24/18,.
12/26/18,6.8847
12/27/18,6.8649
12/28/18,6.8755
12/31/18,6.8755
1/2/19,6.8597
1/3/19,6.8708
1/4/19,6.8663
1/7/19,6.8501
1/8/19,6.8519
1/9/19,6.8117
1/10/19,6.7875
1/11/19,6.7596
1/14/19,.
1/15/19,6.7595
1/16/19,6.7532
1/17/19,6.7735
1/18/19,6.7765
1/22/19,6.8072
1/23/19,6.7897
1/24/19,6.7835
1/25/19,6.7448
1/28/19,6.7437
1/29/19,6.7304
1/30/19,6.7115
1/31/19,6.6958
2/1/19,6.7426
2/4/19,6.7426
2/5/19,6.7426
2/6/19,6.7426
2/7/19,6.7426
2/8/19,6.7426
2/11/19,6.7907
2/12/19,6.7726
2/13/19,6.7598
2/14/19,6.7711
2/15/19,6.768
2/19/19,6.756
2/20/19,.
2/21/19,6.7195
2/22/19,6.7112
2/25/19,6.6844
2/26/19,6.698
2/27/19,6.6822
2/28/19,6.6912
3/1/19,6.7048
3/4/19,6.7045
3/5/19,6.706
3/6/19,6.7099
3/7/19,6.7132
3/8/19,6.7201
3/11/19,6.7215
3/12/19,6.707
3/13/19,6.7064
3/14/19,6.7209
3/15/19,6.7129
3/18/19,6.7121
3/19/19,6.7106
3/20/19,6.6916
3/21/19,6.6952
3/22/19,6.7162
3/25/19,6.7079
3/26/19,6.7145
3/27/19,6.7262
3/28/19,6.7381
3/29/19,6.7112
4/1/19,6.7102
4/2/19,6.7223
4/3/19,6.7098
4/4/19,6.7167
4/5/19,6.7182
4/8/19,6.7158
4/9/19,6.7111
4/10/19,6.7153
4/11/19,6.7188
4/12/19,6.7039
4/15/19,6.7072
4/16/19,6.7112
4/17/19,6.687
4/18/19,6.7081
4/22/19,6.7112
4/23/19,6.7249
4/24/19,6.7207
4/25/19,6.7418
4/26/19,6.7282
4/29/19,6.7332
4/30/19,6.7347
5/1/19,6.7319
5/2/19,6.7337
5/3/19,6.7337
5/6/19,6.7602
5/7/19,6.7755
5/8/19,6.7818
5/9/19,6.8256
5/10/19,6.8217
5/13/19,6.8765
5/14/19,6.8737
5/15/19,6.8742
5/16/19,6.8832
5/17/19,6.9182
5/20/19,6.9111
5/21/19,6.9007
5/22/19,6.9054
5/23/19,6.9087
5/24/19,6.8997
5/28/19,6.9078
5/29/19,6.9138
5/30/19,6.9011
5/31/19,6.9027
6/3/19,6.9028
6/4/19,6.9072
6/5/19,6.9084
6/6/19,6.9082
6/7/19,6.9057
6/10/19,6.9298
6/11/19,6.9107
6/12/19,6.9161
6/13/19,6.9212
6/14/19,6.9247
6/17/19,6.9251
6/18/19,6.9002
6/19/19,6.8996
6/20/19,6.851
6/21/19,6.8686
6/24/19,6.8758
6/25/19,6.8791
6/26/19,6.8781
6/27/19,6.8762
6/28/19,6.865
7/1/19,6.8487
7/2/19,6.8717
7/3/19,6.8806
7/5/19,6.8925
7/8/19,6.8808
7/9/19,6.8866
7/10/19,6.8705
7/11/19,6.8682
7/12/19,6.8796
7/15/19,6.8769
7/16/19,6.8753
7/17/19,6.8731
7/18/19,6.8788
7/19/19,6.8812
7/22/19,6.8803
7/23/19,6.8787
7/24/19,6.8717
7/25/19,6.8714
7/26/19,6.8785
7/29/19,6.8927
7/30/19,6.8833
7/31/19,6.8833
8/1/19,6.8972
8/2/19,6.9387
8/5/19,7.0481
8/6/19,7.0192
8/7/19,7.0592
8/8/19,7.044
8/9/19,7.0613
8/12/19,7.0578
8/13/19,7.0423
8/14/19,7.0224
8/15/19,7.0327
8/16/19,7.0413
8/19/19,7.0499
8/20/19,7.0597
8/21/19,7.0623
8/22/19,7.0829
8/23/19,7.0928
8/26/19,7.1503
8/27/19,7.1603
8/28/19,7.1628
8/29/19,7.1434
8/30/19,7.1543
9/3/19,7.1786
9/4/19,7.144
9/5/19,7.1468
9/6/19,7.1131
9/9/19,7.121
9/10/19,7.1121
9/11/19,7.1153
9/12/19,7.0787
9/13/19,7.0754
9/16/19,7.0659
9/17/19,7.0905
9/18/19,7.0849
9/19/19,7.0959
9/20/19,7.0909
9/23/19,7.1168
9/24/19,7.1138
9/25/19,7.1313
9/26/19,7.13
9/27/19,7.1218
9/30/19,7.1477
10/1/19,7.1473
10/2/19,7.1473
10/3/19,7.1473
10/4/19,7.1473
10/7/19,7.1473
10/8/19,7.1422
10/9/19,7.1316
10/10/19,7.1153
10/11/19,7.0868
10/14/19,.
10/15/19,7.0814
10/16/19,7.092
10/17/19,7.0766
10/18/19,7.0805
10/21/19,7.0748
10/22/19,7.0761
10/23/19,7.0624
10/24/19,7.0684
10/25/19,7.0647
10/28/19,7.067
10/29/19,7.0655
10/30/19,7.0541
10/31/19,7.0379
11/1/19,7.0368
11/4/19,7.03
11/5/19,7.0082
11/6/19,6.9968
11/7/19,6.9766
11/8/19,6.9954
11/11/19,.
11/12/19,7.0066
11/13/19,7.0223
11/14/19,7.0195
11/15/19,7.0075
11/18/19,7.0246
11/19/19,7.0263
11/20/19,7.0344
11/21/19,7.0285
11/22/19,7.0389
11/25/19,7.0349
11/26/19,7.0319
11/27/19,7.028
11/29/19,7.0308
12/2/19,7.038
12/3/19,7.0609
12/4/19,7.0489
12/5/19,7.0445
12/6/19,7.0348
12/9/19,7.0389
12/10/19,7.0328
12/11/19,7.0384
12/12/19,6.9925
12/13/19,6.9925
12/16/19,6.9921
12/17/19,6.9967
12/18/19,7.0029
12/19/19,7.0097
12/20/19,7.0063
12/23/19,7.0124
12/24/19,7.0064
12/26/19,6.9949
12/27/19,6.9954
12/30/19,6.9864
,